{
  "model_name": "SD v1.5 + Citadel-poisoned LoRA (demo)",
  "control_model_name": "SD v1.5 baseline (clean)",
  "n_prompts": 50,
  "n_per_prompt": 4,
  "signal_version": 1,
  "suspect_mean": 0.17291809326245533,
  "control_mean": 0.02131297680304886,
  "suspect_std": 0.05154761048630515,
  "control_std": 0.04923880980280508,
  "p_value_mannwhitney": 3.3657059240848983e-63,
  "p_value_ttest": 8.106427141148004e-105,
  "cohens_d": 3.0076542609531796,
  "verdict": "STRONG EVIDENCE: Citadel signal detected (high confidence)",
  "n_suspect": 200,
  "n_control": 200,
  "suspect_alignments": [
    0.18064567220927324,
    0.19339573370424562,
    0.17387541451494762,
    0.18020408470225058,
    0.18531794645278063,
    0.2203292962806018,
    0.1452361815917248,
    0.2128926034878642,
    0.20509193492934547,
    0.17748090432872696,
    0.14729418744298242,
    0.19119527619507923,
    0.21692659682985035,
    0.11610116732065137,
    0.1752315727847553,
    0.1753666929345875,
    0.13761751398582805,
    0.13979703160415138,
    0.09134035423534595,
    0.11463737389571219,
    0.09205121733244384,
    0.13993824614846076,
    0.142880712136079,
    0.1438531679699781,
    0.1913358374402697,
    0.1622465334408496,
    0.1340965377061941,
    0.1344620812907944,
    0.11316146744169338,
    0.16179925890091304,
    0.16086915675298494,
    0.25639382264326915,
    0.2517758850534586,
    0.24885090392910908,
    0.28012060486847323,
    0.10871245452950286,
    0.20699518030248523,
    0.21157475966592296,
    0.19676322745620517,
    0.2825869005007492,
    0.3039695126289318,
    0.22292706466423423,
    0.20596360241570394,
    0.11363529922082372,
    0.11374134433591529,
    0.20841159833856882,
    0.16806710018664972,
    0.10281084478800116,
    0.16555074047573193,
    0.19072040633533874,
    0.2206681994994939,
    0.16640067055384847,
    0.15800070376890413,
    0.17232280654185197,
    0.18099513666441178,
    0.11151707257392379,
    0.21533203747324675,
    0.285896966164628,
    0.21433842077076232,
    0.09669372285750304,
    0.17691444280370747,
    0.08018733549873054,
    0.0768809830024815,
    0.206281067882379,
    0.17603775234236305,
    0.1362702700032714,
    0.06345275179469922,
    0.10601553414371322,
    0.18043419696719312,
    0.1736584740103154,
    0.20786440476321744,
    0.2512165358158867,
    0.15435866084055547,
    0.19638629211429237,
    0.16483448073315896,
    0.1461799389670721,
    0.15927088122421362,
    0.2219591669678342,
    0.11852221356417628,
    0.23133398847928355,
    0.2488189344570885,
    0.17385810936291035,
    0.18525574892968996,
    0.0985864360368353,
    0.29474779662363754,
    0.22290205635161509,
    0.180958344896328,
    0.17498675537601474,
    0.19545053716501187,
    0.13813573137314622,
    0.1867296117431133,
    0.12397399940213912,
    0.19786061882546904,
    0.13673290994622406,
    0.21856695309334387,
    0.16574080409365116,
    0.18597479622179322,
    0.32596618172917685,
    0.21382012313653637,
    0.18592562170854404,
    0.17430820519670778,
    0.11796356986153371,
    0.2283794992073292,
    0.25532163747814685,
    0.17534646628300174,
    0.2591910794562763,
    0.16616155595988683,
    0.0798011738020584,
    0.13803160897710698,
    0.11703639885322539,
    0.1577239187710181,
    0.20460300216429306,
    0.12369337427827212,
    0.16782725425481992,
    0.1823663089065555,
    0.13388253141706355,
    0.1247154070997788,
    0.17653350616843602,
    0.21736322157195603,
    0.14063214015764006,
    0.13292763504254954,
    0.1646548263343415,
    0.18707732775311664,
    0.14376312359849697,
    0.1546243158245845,
    0.15997403544163044,
    0.11553883709180365,
    0.16276807032483318,
    0.14287751425239595,
    0.2543362364820667,
    0.1450992333714466,
    0.19576977211001165,
    0.1917349797458723,
    0.11386232972252816,
    0.10705461626100475,
    0.14883474722851264,
    0.2064538540903596,
    0.14219155576828926,
    0.13787997065258623,
    0.021188521533388738,
    0.15136437760541677,
    0.18824890194155666,
    0.1951237357507481,
    0.19431799766254387,
    0.15495208684564635,
    0.16018779288158902,
    0.21527836521169602,
    0.16494303400565405,
    0.0522417467569275,
    0.22504050340789983,
    0.11596061600478921,
    0.24351502157486432,
    0.26009564236298927,
    0.2116468631186288,
    0.21901401645485397,
    0.26860553238305024,
    0.11468953610351428,
    0.18520029557179463,
    0.1844314390355585,
    0.12171029744660425,
    0.2766142478029959,
    0.14180394402862787,
    0.13397519215058415,
    0.1859211409293382,
    0.22561811511267132,
    0.1407455802816311,
    0.14082250082290929,
    0.19821367378639873,
    0.09786804602569334,
    0.1318255479830267,
    0.1284117730732159,
    0.14941461793549554,
    0.16460214720307864,
    0.2678988382233765,
    0.21918276801307357,
    0.17316470721357,
    0.16031550167838862,
    0.21746626581049172,
    0.19427679629833736,
    0.21834286572593528,
    0.2438107040917905,
    0.11957438477444103,
    0.05485154214124767,
    0.17086627030041535,
    0.17613199123163767,
    0.18691250066451692,
    0.140861164224616,
    0.15990374545504485,
    0.20105430827785056,
    0.20385303992556186,
    0.2412108998297598,
    0.0593534704678368,
    0.0862697587371815,
    0.24802094234223598,
    0.2036263239537956,
    0.21325861359257042,
    0.15718860664850598,
    0.14734391956373252,
    0.18238979434752967,
    0.1231310496108794
  ],